{
    "w": 190.07220458984375,
    "h": 68.03973388671875,
    "box": [
        591.3397827148438,
        410.0494689941406,
        781.4119873046875,
        478.0892028808594
    ],
    "Cx": 687.2613383535855,
    "Cy": 451.1324661988704,
    "orientation": "horizontal"
}