{
    "weights": [
        0.7803511756422661,
        -0.044722672721172016,
        0.36872107412676447,
        -0.9284635975844608
    ],
    "normal": [
        -0.044722672721172016,
        0.36872107412676447,
        -0.9284635975844608
    ],
    "3d_center": [
        -0.011150896309166734,
        0.008503935424049943,
        0.8444570509265443
    ],
    "2d_center": [
        632.2732055826318,
        357.2898205582632
    ],
    "mask_color": [
        255,
        0,
        40
    ]
}