{
    "weights": [
        0.5651414804829598,
        0.047546703188714415,
        0.3543474035557437,
        -0.9339042930671143
    ],
    "normal": [
        0.047546703188714415,
        0.3543474035557437,
        -0.9339042930671143
    ],
    "3d_center": [
        0.2114619685369464,
        -0.02342516445260272,
        0.6066490325231106
    ],
    "2d_center": [
        952.3575061092398,
        315.0105673337296
    ],
    "mask_color": [
        255,
        0,
        40
    ]
}