{
    "w": 225.76519775390625,
    "h": 78.1558837890625,
    "box": [
        765.1139526367188,
        474.85015869140625,
        990.879150390625,
        553.0060424804688
    ],
    "Cx": 881.4212934339063,
    "Cy": 521.3075306046742,
    "orientation": "horizontal"
}