{
    "weights": [
        0.6700139874374322,
        -0.07534852090133226,
        0.3577626849207182,
        -0.9307676733085977
    ],
    "normal": [
        -0.07534852090133226,
        0.3577626849207182,
        -0.9307676733085977
    ],
    "3d_center": [
        -0.010451118547051533,
        0.007292555876023277,
        0.7251364687486581
    ],
    "2d_center": [
        633.6916741623565,
        358.0075050595907
    ],
    "mask_color": [
        255,
        0,
        40
    ]
}