{
    "w": 206.153564453125,
    "h": 65.46536254882812,
    "box": [
        785.2149658203125,
        437.15380859375,
        991.3685302734375,
        502.6191711425781
    ],
    "Cx": 891.7648729446936,
    "Cy": 476.1286995515695,
    "orientation": "horizontal"
}