{
    "weights": [
        0.7073818181689342,
        -0.0727308696813286,
        0.345331750207947,
        -0.935658165621245
    ],
    "normal": [
        -0.0727308696813286,
        0.345331750207947,
        -0.935658165621245
    ],
    "3d_center": [
        -0.012490314914351573,
        0.0095016562584672,
        0.7630258717686222
    ],
    "2d_center": [
        632.2993048548043,
        361.0673842359009
    ],
    "mask_color": [
        255,
        0,
        40
    ]
}