{
    "weights": [
        0.650741694580762,
        -0.11391106080991535,
        0.35894622791105324,
        -0.9263810639761514
    ],
    "normal": [
        -0.11391106080991535,
        0.35894622791105324,
        -0.9263810639761514
    ],
    "3d_center": [
        -0.02379829392832045,
        0.010628306646352928,
        0.7100808956704614
    ],
    "2d_center": [
        624.5611543486905,
        362.41081065727434
    ],
    "mask_color": [
        255,
        0,
        40
    ]
}