{
    "w": 193.0029296875,
    "h": 55.774688720703125,
    "box": [
        857.0316162109375,
        398.2962951660156,
        1050.0345458984375,
        454.07098388671875
    ],
    "Cx": 957.0372067448681,
    "Cy": 431.6546920821114,
    "orientation": "horizontal"
}