{
    "w": 127.2010498046875,
    "h": 34.728363037109375,
    "box": [
        847.8854370117188,
        268.7823181152344,
        975.0864868164062,
        303.51068115234375
    ],
    "Cx": 912.909767849321,
    "Cy": 290.47744196233026,
    "orientation": "horizontal"
}