{
    "w": 182.6976318359375,
    "h": 71.95452880859375,
    "box": [
        595.0270385742188,
        398.31683349609375,
        777.7246704101562,
        470.2713623046875
    ],
    "Cx": 688.0031213421771,
    "Cy": 440.28014046039794,
    "orientation": "horizontal"
}