{
    "weights": [
        0.5817915745140915,
        -0.023371664665460284,
        0.35908339748144535,
        -0.9330127967739495
    ],
    "normal": [
        -0.023371664665460284,
        0.35908339748144535,
        -0.9330127967739495
    ],
    "3d_center": [
        -0.0026731548564873204,
        0.008655696760160914,
        0.6296416621753205
    ],
    "2d_center": [
        634.4233351986569,
        361.74580302182426
    ],
    "mask_color": [
        255,
        0,
        40
    ]
}