{
    "w": 186.0438232421875,
    "h": 59.043975830078125,
    "box": [
        776.9838256835938,
        396.7190856933594,
        963.0276489257812,
        455.7630615234375
    ],
    "Cx": 873.4575757575758,
    "Cy": 432.7039772727273,
    "orientation": "horizontal"
}