{
    "w": 178.82867431640625,
    "h": 54.298126220703125,
    "box": [
        776.2603759765625,
        396.8707275390625,
        955.0890502929688,
        451.1688537597656
    ],
    "Cx": 867.7577352136392,
    "Cy": 429.9766364975795,
    "orientation": "horizontal"
}