{
    "w": 190.53033447265625,
    "h": 71.21865844726562,
    "box": [
        690.8414306640625,
        419.4435119628906,
        881.3717651367188,
        490.66217041015625
    ],
    "Cx": 789.2823550212164,
    "Cy": 460.30445544554453,
    "orientation": "horizontal"
}