{
    "w": 129.07638549804688,
    "h": 120.45523071289062,
    "box": [
        158.49002075195312,
        242.72540283203125,
        287.56640625,
        363.1806335449219
    ],
    "Cx": 214.7543904518329,
    "Cy": 304.1821824381927,
    "orientation": "horizontal"
}