{
    "w": 183.9713134765625,
    "h": 56.4151611328125,
    "box": [
        817.8927001953125,
        384.2314147949219,
        1001.864013671875,
        440.6465759277344
    ],
    "Cx": 912.3978343693603,
    "Cy": 418.1341487868458,
    "orientation": "horizontal"
}