{
    "w": 695.9575653076172,
    "h": 131.30804443359375,
    "box": [
        206.9705352783203,
        328.4224548339844,
        902.9281005859375,
        459.7304992675781
    ],
    "Cx": 561.4589915842315,
    "Cy": 410.0697438358187,
    "orientation": "horizontal"
}