{
    "weights": [
        0.6407689525462215,
        -0.00867890992141105,
        0.38105957598582163,
        -0.9245097490411239
    ],
    "normal": [
        -0.00867890992141105,
        0.38105957598582163,
        -0.9245097490411239
    ],
    "3d_center": [
        0.05250264526519824,
        -0.0024137607018815755,
        0.6946405791565909
    ],
    "2d_center": [
        706.1099078594765,
        343.11295473734447
    ],
    "mask_color": [
        255,
        0,
        40
    ]
}