{
    "w": 190.9852294921875,
    "h": 73.30343627929688,
    "box": [
        643.7131958007812,
        417.54156494140625,
        834.6984252929688,
        490.8450012207031
    ],
    "Cx": 740.939668700959,
    "Cy": 459.77750653879684,
    "orientation": "horizontal"
}