{
    "weights": [
        0.6343846416497748,
        -0.00032893802585896967,
        0.3581076405117872,
        -0.9336802501964234
    ],
    "normal": [
        -0.00032893802585896967,
        0.3581076405117872,
        -0.9336802501964234
    ],
    "3d_center": [
        -0.002929406524337272,
        0.010464404837175546,
        0.6856717165686481
    ],
    "2d_center": [
        631.385973820808,
        362.67631460167
    ],
    "mask_color": [
        255,
        0,
        40
    ]
}