{
    "w": 221.616455078125,
    "h": 80.13388061523438,
    "box": [
        781.3885498046875,
        455.7879943847656,
        1003.0050048828125,
        535.921875
    ],
    "Cx": 897.2142476697736,
    "Cy": 503.73541944074566,
    "orientation": "horizontal"
}