{
    "w": 208.8831787109375,
    "h": 75.65127563476562,
    "box": [
        788.2299194335938,
        440.2606506347656,
        997.1130981445312,
        515.9119262695312
    ],
    "Cx": 896.4103603603604,
    "Cy": 485.09054054054053,
    "orientation": "horizontal"
}