{
    "weights": [
        0.6301118310746314,
        0.07781605186013492,
        0.3426496251199592,
        -0.9362349579448808
    ],
    "normal": [
        0.07781605186013492,
        0.3426496251199592,
        -0.9362349579448808
    ],
    "3d_center": [
        0.21756978409020544,
        -0.03512423231749762,
        0.6786561356714024
    ],
    "2d_center": [
        927.1305738852229,
        304.374458441645
    ],
    "mask_color": [
        255,
        0,
        40
    ]
}