{
    "w": 677.0739440917969,
    "h": 100.98007202148438,
    "box": [
        201.10836791992188,
        353.856201171875,
        878.1823120117188,
        454.8362731933594
    ],
    "Cx": 546.5284267912773,
    "Cy": 408.5024143302181,
    "orientation": "horizontal"
}