{
    "w": 181.03216552734375,
    "h": 62.062042236328125,
    "box": [
        632.8103637695312,
        405.9164733886719,
        813.842529296875,
        467.978515625
    ],
    "Cx": 723.5350740452066,
    "Cy": 443.237529228371,
    "orientation": "horizontal"
}