{
    "w": 188.81622314453125,
    "h": 58.062103271484375,
    "box": [
        765.1495971679688,
        398.5342712402344,
        953.9658203125,
        456.59637451171875
    ],
    "Cx": 862.2119677358844,
    "Cy": 434.1024198086663,
    "orientation": "horizontal"
}