{
    "weights": [
        0.8332084305260217,
        -0.021137615263123688,
        0.35726401157063775,
        -0.9337642246613668
    ],
    "normal": [
        -0.021137615263123688,
        0.35726401157063775,
        -0.9337642246613668
    ],
    "3d_center": [
        -0.22999411070715467,
        0.0015243026468509213,
        0.8979940938779983
    ],
    "2d_center": [
        408.0478551411942,
        350.2873464108644
    ],
    "mask_color": [
        255,
        0,
        40
    ]
}