{
    "w": 189.75433349609375,
    "h": 71.85110473632812,
    "box": [
        705.8119506835938,
        413.06890869140625,
        895.5662841796875,
        484.9200134277344
    ],
    "Cx": 802.5768554344003,
    "Cy": 455.12328526204715,
    "orientation": "horizontal"
}