{
    "w": 183.80059814453125,
    "h": 60.5518798828125,
    "box": [
        786.1092529296875,
        393.49005126953125,
        969.9098510742188,
        454.04193115234375
    ],
    "Cx": 882.9945044160942,
    "Cy": 429.0015701668302,
    "orientation": "horizontal"
}