{
    "weights": [
        0.6385665291136279,
        -0.022783342865065084,
        0.36325353796757487,
        -0.931411716933995
    ],
    "normal": [
        -0.022783342865065084,
        0.36325353796757487,
        -0.931411716933995
    ],
    "3d_center": [
        0.05685744195613422,
        -0.00037667555185539903,
        0.6874457886633505
    ],
    "2d_center": [
        714.8447411122585,
        345.8614839946894
    ],
    "mask_color": [
        255,
        0,
        40
    ]
}