{
    "w": 36.501220703125,
    "h": 119.8792724609375,
    "box": [
        1147.66650390625,
        307.155029296875,
        1184.167724609375,
        427.0343017578125
    ],
    "Cx": 1164.8531969309463,
    "Cy": 365.8005115089514,
    "orientation": "vertical"
}