{
    "w": 214.2373046875,
    "h": 87.6904296875,
    "box": [
        652.2550659179688,
        458.75677490234375,
        866.4923706054688,
        546.4472045898438
    ],
    "Cx": 762.9978429133358,
    "Cy": 512.3293998223576,
    "orientation": "horizontal"
}