{
    "weights": [
        0.7051539984640033,
        -0.06798484292245066,
        0.36863001495174796,
        -0.9270868207506155
    ],
    "normal": [
        -0.06798484292245066,
        0.36863001495174796,
        -0.9270868207506155
    ],
    "3d_center": [
        -0.01489147000170241,
        0.009496778120156101,
        0.768778090697213
    ],
    "2d_center": [
        631.1336243311742,
        360.27400732188113
    ],
    "mask_color": [
        255,
        0,
        40
    ]
}