{
    "weights": [
        0.6069995957025928,
        0.045301225617674454,
        0.3595628499108431,
        -0.9320205769839682
    ],
    "normal": [
        0.045301225617674454,
        0.3595628499108431,
        -0.9320205769839682
    ],
    "3d_center": [
        0.004446550227165739,
        0.00932083089527641,
        0.658507494059117
    ],
    "2d_center": [
        632.9643819467834,
        362.0340743235657
    ],
    "mask_color": [
        255,
        0,
        40
    ]
}