{
    "weights": [
        0.4607436305765271,
        0.44317476418985796,
        0.2934668204731352,
        -0.8470379883255843
    ],
    "normal": [
        0.44317476418985796,
        0.2934668204731352,
        -0.8470379883255843
    ],
    "3d_center": [
        -0.06048460727413031,
        -0.0022507967327750197,
        0.512750582006987
    ],
    "2d_center": [
        483.2853896463806,
        344.8320585300964
    ],
    "mask_color": [
        255,
        0,
        40
    ]
}