{
    "weights": [
        0.5749792119403029,
        0.02441693744971349,
        0.35632499739030843,
        -0.934042991194931
    ],
    "normal": [
        0.02441693744971349,
        0.35632499739030843,
        -0.934042991194931
    ],
    "3d_center": [
        -0.004950921789863755,
        0.01002380204870478,
        0.619831035872998
    ],
    "2d_center": [
        625.1109666233202,
        363.38448201127005
    ],
    "mask_color": [
        255,
        0,
        40
    ]
}