{
    "w": 140.6103515625,
    "h": 41.275604248046875,
    "box": [
        782.8670654296875,
        301.5083923339844,
        923.4774169921875,
        342.78399658203125
    ],
    "Cx": 854.2776988636364,
    "Cy": 326.04012784090907,
    "orientation": "horizontal"
}