{
    "weights": [
        0.8872132710852868,
        -0.09227372310510164,
        0.3746339626247531,
        -0.9225697556675041
    ],
    "normal": [
        -0.09227372310510164,
        0.3746339626247531,
        -0.9225697556675041
    ],
    "3d_center": [
        0.050727271855816804,
        -0.025488499706968402,
        0.9497137498061119
    ],
    "2d_center": [
        693.1441281138789,
        326.892753154319
    ],
    "mask_color": [
        255,
        0,
        40
    ]
}