{
    "weights": [
        0.4719861307765446,
        0.3516110463581977,
        0.36722983761513167,
        -0.8611108630391663
    ],
    "normal": [
        0.3516110463581977,
        0.36722983761513167,
        -0.8611108630391663
    ],
    "3d_center": [
        -0.08253218244240616,
        0.036633962579783665,
        0.5291016969996178
    ],
    "2d_center": [
        423.08353668917766,
        402.5920776346405
    ],
    "mask_color": [
        255,
        0,
        40
    ]
}