{
    "weights": [
        0.5803781828218023,
        0.008551490401095195,
        0.35042845151115626,
        -0.9365504644083057
    ],
    "normal": [
        0.008551490401095195,
        0.35042845151115626,
        -0.9365504644083057
    ],
    "3d_center": [
        -0.003355823817822067,
        0.009685868223755386,
        0.625126839464774
    ],
    "2d_center": [
        628.9691832279647,
        363.19564539449436
    ],
    "mask_color": [
        255,
        0,
        40
    ]
}