{
    "weights": [
        1.01536699245897,
        0.007224209983684848,
        0.3433243850091644,
        -0.9391891063295991
    ],
    "normal": [
        0.007224209983684848,
        0.3433243850091644,
        -0.9391891063295991
    ],
    "3d_center": [
        0.037849506991015296,
        -0.08309145485217174,
        1.0526477169343629
    ],
    "2d_center": [
        666.6594835663155,
        283.76550612749685
    ],
    "mask_color": [
        255,
        0,
        40
    ]
}