{
    "w": 178.225341796875,
    "h": 56.972564697265625,
    "box": [
        768.074462890625,
        384.4597473144531,
        946.2998046875,
        441.43231201171875
    ],
    "Cx": 861.5666736445468,
    "Cy": 418.6818086665271,
    "orientation": "horizontal"
}