{
    "weights": [
        0.5969823925635832,
        -0.08305767071825988,
        0.38889123222969446,
        -0.9175320336804198
    ],
    "normal": [
        -0.08305767071825988,
        0.38889123222969446,
        -0.9175320336804198
    ],
    "3d_center": [
        -0.01583154764377838,
        0.01150915668869276,
        0.6614536141599588
    ],
    "2d_center": [
        626.8685968189279,
        364.86811569593027
    ],
    "mask_color": [
        255,
        0,
        40
    ]
}