{
    "weights": [
        0.99216852598146,
        -0.07583046319242649,
        0.3587997465550352,
        -0.9303292335104084
    ],
    "normal": [
        -0.07583046319242649,
        0.3587997465550352,
        -0.9303292335104084
    ],
    "3d_center": [
        0.043976379104227185,
        -0.04944476373368128,
        1.0446732694124092
    ],
    "2d_center": [
        679.8070282348161,
        311.0740402193784
    ],
    "mask_color": [
        255,
        0,
        40
    ]
}