{
    "weights": [
        0.6508168999788257,
        -0.15670421170552754,
        0.343764527695472,
        -0.9258886215588019
    ],
    "normal": [
        -0.15670421170552754,
        0.343764527695472,
        -0.9258886215588019
    ],
    "3d_center": [
        -0.022618721582821657,
        0.008938065748109668,
        0.7099109015082197
    ],
    "2d_center": [
        630.1639344262295,
        360.30826490894106
    ],
    "mask_color": [
        255,
        0,
        40
    ]
}