{
    "weights": [
        0.6170249326656481,
        -0.07456915447876465,
        0.37844562854705033,
        -0.9226149507968913
    ],
    "normal": [
        -0.07456915447876465,
        0.37844562854705033,
        -0.9226149507968913
    ],
    "3d_center": [
        -0.00908681477878044,
        0.007597518658601555,
        0.6757204466395907
    ],
    "2d_center": [
        635.2135125993573,
        359.13805738767684
    ],
    "mask_color": [
        255,
        0,
        40
    ]
}