{
    "weights": [
        0.6779448197406133,
        -0.09864516793814651,
        0.3685441272141544,
        -0.9243615943657612
    ],
    "normal": [
        -0.09864516793814651,
        0.3685441272141544,
        -0.9243615943657612
    ],
    "3d_center": [
        -0.01636455718432305,
        0.009477659996901238,
        0.7407844548989079
    ],
    "2d_center": [
        631.5012035378414,
        360.61744290192564
    ],
    "mask_color": [
        255,
        0,
        40
    ]
}