{
    "w": 214.77703857421875,
    "h": 72.17437744140625,
    "box": [
        851.7617797851562,
        432.8912658691406,
        1066.538818359375,
        505.0656433105469
    ],
    "Cx": 963.5532574974147,
    "Cy": 473.5050967646624,
    "orientation": "horizontal"
}