{
    "w": 123.71386921405792,
    "h": 57.886810302734375,
    "box": [
        0.2640894651412964,
        333.03021240234375,
        123.97795867919922,
        390.9170227050781
    ],
    "Cx": 59.44286059434646,
    "Cy": 364.3563662720464,
    "orientation": "horizontal"
}