{
    "w": 736.7953491210938,
    "h": 59.11956787109375,
    "box": [
        543.2046508789062,
        312.906494140625,
        1280.0,
        372.02606201171875
    ],
    "Cx": 911.6904246840487,
    "Cy": 343.25336824926944,
    "orientation": "horizontal"
}