{
    "weights": [
        0.6120042251627869,
        -0.07207505792971658,
        0.37233146614139895,
        -0.9252969606269247
    ],
    "normal": [
        -0.07207505792971658,
        0.37233146614139895,
        -0.9252969606269247
    ],
    "3d_center": [
        -0.008812096435088868,
        0.008000096077393269,
        0.6667397814402872
    ],
    "2d_center": [
        634.0691631317245,
        359.94676517684076
    ],
    "mask_color": [
        255,
        0,
        40
    ]
}