{
    "weights": [
        0.6078735774415827,
        -0.07350365727282993,
        0.3956289854713102,
        -0.9154643183775436
    ],
    "normal": [
        -0.07350365727282993,
        0.3956289854713102,
        -0.9154643183775436
    ],
    "3d_center": [
        -0.011900068813024302,
        0.009630144469984126,
        0.6715274235863269
    ],
    "2d_center": [
        631.9942399550436,
        362.0132059567294
    ],
    "mask_color": [
        255,
        0,
        40
    ]
}