{
    "w": 195.763916015625,
    "h": 63.90960693359375,
    "box": [
        761.5239868164062,
        419.5428771972656,
        957.2879028320312,
        483.4524841308594
    ],
    "Cx": 861.9115352697096,
    "Cy": 457.32298755186724,
    "orientation": "horizontal"
}