{
    "weights": [
        0.7111469921372178,
        -0.017861543979032578,
        0.36692717971206434,
        -0.9300781741527083
    ],
    "normal": [
        -0.017861543979032578,
        0.36692717971206434,
        -0.9300781741527083
    ],
    "3d_center": [
        -0.006974558980996938,
        0.008388956623108521,
        0.7706311845851012
    ],
    "2d_center": [
        631.0010383633149,
        359.0925546543933
    ],
    "mask_color": [
        255,
        0,
        40
    ]
}