{
    "w": 189.52996826171875,
    "h": 57.382110595703125,
    "box": [
        768.1156005859375,
        400.5507507324219,
        957.6455688476562,
        457.932861328125
    ],
    "Cx": 866.4319274879763,
    "Cy": 435.03736588975215,
    "orientation": "horizontal"
}