{
    "w": 208.92938232421875,
    "h": 67.265625,
    "box": [
        900.7090454101562,
        418.7498779296875,
        1109.638427734375,
        486.0155029296875
    ],
    "Cx": 1008.3003184713376,
    "Cy": 458.4507961783439,
    "orientation": "horizontal"
}