{
    "weights": [
        0.9482960360403506,
        -0.020775445832951645,
        0.3609673113703765,
        -0.9323470281887984
    ],
    "normal": [
        -0.020775445832951645,
        0.3609673113703765,
        -0.9323470281887984
    ],
    "3d_center": [
        0.005412911824268512,
        0.0030932205966877502,
        1.0186400919251666
    ],
    "2d_center": [
        643.0620944510722,
        352.1538103413158
    ],
    "mask_color": [
        255,
        0,
        40
    ]
}