{
    "w": 173.70782470703125,
    "h": 26.79119873046875,
    "box": [
        633.161865234375,
        538.0980834960938,
        806.8696899414062,
        564.8892822265625
    ],
    "Cx": 707.5889481337857,
    "Cy": 546.6437227338827,
    "orientation": "horizontal"
}