{
    "w": 215.51275634765625,
    "h": 67.76922607421875,
    "box": [
        798.492919921875,
        453.69866943359375,
        1014.0056762695312,
        521.4678955078125
    ],
    "Cx": 909.3981712385703,
    "Cy": 494.93751731781657,
    "orientation": "horizontal"
}