{
    "weights": [
        0.6228577175318082,
        -0.07902530793648091,
        0.35523553036591876,
        -0.9314304690481134
    ],
    "normal": [
        -0.07902530793648091,
        0.35523553036591876,
        -0.9314304690481134
    ],
    "3d_center": [
        -0.018295536672277533,
        0.010581564211045962,
        0.6753063315486131
    ],
    "2d_center": [
        624.2032834379527,
        363.1725225097282
    ],
    "mask_color": [
        255,
        0,
        40
    ]
}