{
    "w": 211.53662109375,
    "h": 77.30496215820312,
    "box": [
        772.9783325195312,
        441.5334167480469,
        984.5149536132812,
        518.83837890625
    ],
    "Cx": 883.0098891219658,
    "Cy": 487.6035361102787,
    "orientation": "horizontal"
}