{
    "weights": [
        0.6449014261522474,
        -0.015712764812297275,
        0.37150340433416784,
        -0.9282986209135917
    ],
    "normal": [
        -0.015712764812297275,
        0.37150340433416784,
        -0.9282986209135917
    ],
    "3d_center": [
        0.05682492010484015,
        -0.0018889120391786488,
        0.6949238481371545
    ],
    "2d_center": [
        712.4820010391153,
        343.725413790544
    ],
    "mask_color": [
        255,
        0,
        40
    ]
}