{
    "weights": [
        0.9002495735568717,
        -0.05684334026586482,
        0.3591963963499616,
        -0.9315292714223318
    ],
    "normal": [
        -0.05684334026586482,
        0.3591963963499616,
        -0.9315292714223318
    ],
    "3d_center": [
        0.0328490699642622,
        -0.020419952502794905,
        0.9566707586440442
    ],
    "2d_center": [
        672.9611744565393,
        331.1578216350657
    ],
    "mask_color": [
        255,
        0,
        40
    ]
}