{
    "weights": [
        0.528923785942652,
        -9.984455310047989e-05,
        0.349818323852678,
        -0.9368175544512218
    ],
    "normal": [
        -9.984455310047989e-05,
        0.349818323852678,
        -0.9368175544512218
    ],
    "3d_center": [
        -0.27544783857621025,
        0.021866467615149297,
        0.5717936208950344
    ],
    "2d_center": [
        196.4645803984705,
        383.0096598913262
    ],
    "mask_color": [
        255,
        0,
        40
    ]
}