{
    "weights": [
        0.5645928999861779,
        -0.07709971450672153,
        0.36911097722280184,
        -0.9261817966882154
    ],
    "normal": [
        -0.07709971450672153,
        0.36911097722280184,
        -0.9261817966882154
    ],
    "3d_center": [
        -0.009494635325476643,
        0.008910730356669606,
        0.6174053666564159
    ],
    "2d_center": [
        633.8205831327998,
        362.0092058872908
    ],
    "mask_color": [
        255,
        0,
        40
    ]
}