{
    "w": 248.37750244140625,
    "h": 90.97698974609375,
    "box": [
        797.2988891601562,
        509.611572265625,
        1045.6763916015625,
        600.5885620117188
    ],
    "Cx": 928.2337562475971,
    "Cy": 564.3699538638984,
    "orientation": "horizontal"
}