{
    "w": 203.27362060546875,
    "h": 75.82891845703125,
    "box": [
        732.6024780273438,
        436.9945068359375,
        935.8760986328125,
        512.8234252929688
    ],
    "Cx": 838.1130823819809,
    "Cy": 482.137611848195,
    "orientation": "horizontal"
}