{
    "w": 213.56011962890625,
    "h": 76.37094116210938,
    "box": [
        744.5078125,
        452.3724670410156,
        958.0679321289062,
        528.743408203125
    ],
    "Cx": 854.2565715883669,
    "Cy": 498.4140100671141,
    "orientation": "horizontal"
}