{
    "weights": [
        0.6332059838028118,
        -0.0245802541825895,
        0.34112331368051374,
        -0.9396971299136466
    ],
    "normal": [
        -0.0245802541825895,
        0.34112331368051374,
        -0.9396971299136466
    ],
    "3d_center": [
        0.0696941722399994,
        -0.04314516396113586,
        0.6569030842905333
    ],
    "2d_center": [
        738.776159347168,
        292.9471767647962
    ],
    "mask_color": [
        255,
        0,
        40
    ]
}