{
    "weights": [
        0.6217186513076245,
        0.033761876510258304,
        0.34485102967787695,
        -0.9380500535816912
    ],
    "normal": [
        0.033761876510258304,
        0.34485102967787695,
        -0.9380500535816912
    ],
    "3d_center": [
        -0.00010335972474621043,
        0.008983130116439865,
        0.6672651793036497
    ],
    "2d_center": [
        629.9778874686144,
        361.1551301072814
    ],
    "mask_color": [
        255,
        0,
        40
    ]
}