{
    "weights": [
        0.5884439135275036,
        -0.08279523307772736,
        0.35539979991282616,
        -0.9310402416660238
    ],
    "normal": [
        -0.08279523307772736,
        0.35539979991282616,
        -0.9310402416660238
    ],
    "3d_center": [
        -0.014013820788572162,
        0.0094716581056439,
        0.6389796349372103
    ],
    "2d_center": [
        627.6912742186395,
        363.64771602319325
    ],
    "mask_color": [
        255,
        0,
        40
    ]
}