{
    "w": 145.68572998046875,
    "h": 42.55975341796875,
    "box": [
        829.3616333007812,
        305.242919921875,
        975.04736328125,
        347.80267333984375
    ],
    "Cx": 904.452229299363,
    "Cy": 331.0412336573919,
    "orientation": "horizontal"
}