{
    "weights": [
        0.6066985805899205,
        -0.06088283064823558,
        0.3511218919831014,
        -0.9343482744150953
    ],
    "normal": [
        -0.06088283064823558,
        0.3511218919831014,
        -0.9343482744150953
    ],
    "3d_center": [
        -0.03379397690984294,
        -0.030940906639656575,
        0.6398112742952284
    ],
    "2d_center": [
        597.2286243246307,
        308.7926474477651
    ],
    "mask_color": [
        255,
        0,
        40
    ]
}