{
    "weights": [
        0.8338313862527204,
        -0.06111489676806083,
        0.36272146480599043,
        -0.9298914497735881
    ],
    "normal": [
        -0.06111489676806083,
        0.36272146480599043,
        -0.9298914497735881
    ],
    "3d_center": [
        0.016325184085675445,
        -0.008905112775838431,
        0.8937691577783179
    ],
    "2d_center": [
        659.614546904718,
        340.8440701883551
    ],
    "mask_color": [
        255,
        0,
        40
    ]
}