{
    "w": 201.18157958984375,
    "h": 74.395263671875,
    "box": [
        661.1699829101562,
        444.36444091796875,
        862.3515625,
        518.7597045898438
    ],
    "Cx": 762.554341133005,
    "Cy": 487.83666871921184,
    "orientation": "horizontal"
}