{
    "weights": [
        0.6389092980194873,
        0.004246602232229296,
        0.35908621240980165,
        -0.93329473288274
    ],
    "normal": [
        0.004246602232229296,
        0.35908621240980165,
        -0.93329473288274
    ],
    "3d_center": [
        -0.005816535668348044,
        0.010950793738968926,
        0.6897048717306955
    ],
    "2d_center": [
        628.0344847372045,
        363.08296993344044
    ],
    "mask_color": [
        255,
        0,
        40
    ]
}