{
    "w": 195.16717529296875,
    "h": 66.7806396484375,
    "box": [
        723.2667236328125,
        419.7532958984375,
        918.4338989257812,
        486.533935546875
    ],
    "Cx": 823.9363790186126,
    "Cy": 457.7978003384095,
    "orientation": "horizontal"
}