{
    "w": 204.17132568359375,
    "h": 63.6083984375,
    "box": [
        812.3440551757812,
        423.9465026855469,
        1016.515380859375,
        487.5549011230469
    ],
    "Cx": 917.0025336500396,
    "Cy": 462.46144101346,
    "orientation": "horizontal"
}