{
    "w": 217.60400390625,
    "h": 79.18582153320312,
    "box": [
        1061.6290283203125,
        453.7638244628906,
        1279.2330322265625,
        532.9496459960938
    ],
    "Cx": 1181.274102896671,
    "Cy": 494.9600807032714,
    "orientation": "horizontal"
}