{
    "weights": [
        0.6592403462733087,
        -0.06945667244576707,
        0.37375790240298484,
        -0.9249220513341013
    ],
    "normal": [
        -0.06945667244576707,
        0.37375790240298484,
        -0.9249220513341013
    ],
    "3d_center": [
        -0.012706985847996115,
        0.008995026255402085,
        0.7213273237489507
    ],
    "2d_center": [
        632.7489647012422,
        360.2894610812181
    ],
    "mask_color": [
        255,
        0,
        40
    ]
}