{
    "weights": [
        0.7005002479866214,
        -0.002021266668211171,
        0.35732646125220063,
        -0.9339773629858679
    ],
    "normal": [
        -0.002021266668211171,
        0.35732646125220063,
        -0.9339773629858679
    ],
    "3d_center": [
        -0.0048343517880808295,
        0.01036914218107039,
        0.7557054737129636
    ],
    "2d_center": [
        629.9950573349149,
        361.6389877421905
    ],
    "mask_color": [
        255,
        0,
        40
    ]
}