{
    "weights": [
        0.6369422111369359,
        0.004907024930316556,
        0.35915103801234616,
        -0.9332665498136037
    ],
    "normal": [
        0.004907024930316556,
        0.35915103801234616,
        -0.9332665498136037
    ],
    "3d_center": [
        -0.005750875682179158,
        0.010585342293621795,
        0.6877599527033946
    ],
    "2d_center": [
        627.5629676166543,
        362.93934547946765
    ],
    "mask_color": [
        255,
        0,
        40
    ]
}