{
    "weights": [
        0.9190913218157177,
        -0.07150544107357278,
        0.3614471807681845,
        -0.9296466572906102
    ],
    "normal": [
        -0.07150544107357278,
        0.3614471807681845,
        -0.9296466572906102
    ],
    "3d_center": [
        -0.0007580518397310191,
        0.0011273561375790247,
        0.9890584136059639
    ],
    "2d_center": [
        645.0722053579321,
        350.6547110312104
    ],
    "mask_color": [
        255,
        0,
        40
    ]
}