{
    "weights": [
        0.6083928843892727,
        -0.045800913844143844,
        0.37682097935869663,
        -0.9251530823632348
    ],
    "normal": [
        -0.045800913844143844,
        0.37682097935869663,
        -0.9251530823632348
    ],
    "3d_center": [
        -0.007459630774937517,
        0.008206238702371816,
        0.6640020251371346
    ],
    "2d_center": [
        633.1544454757685,
        360.03150226422525
    ],
    "mask_color": [
        255,
        0,
        40
    ]
}