{
    "weights": [
        0.5895621217796351,
        0.0013036189862314692,
        0.3524860281052141,
        -0.9358161681485039
    ],
    "normal": [
        0.0013036189862314692,
        0.3524860281052141,
        -0.9358161681485039
    ],
    "3d_center": [
        -0.002522457315311579,
        0.00896010443509955,
        0.6357084403344097
    ],
    "2d_center": [
        631.0571186201046,
        362.11056128941044
    ],
    "mask_color": [
        255,
        0,
        40
    ]
}