{
    "w": 205.60150146484375,
    "h": 67.33792114257812,
    "box": [
        827.5571899414062,
        429.64263916015625,
        1033.15869140625,
        496.9805603027344
    ],
    "Cx": 933.2985418265541,
    "Cy": 468.20414428242515,
    "orientation": "horizontal"
}