{
    "w": 192.5616455078125,
    "h": 65.4466552734375,
    "box": [
        743.7958374023438,
        415.54071044921875,
        936.3574829101562,
        480.98736572265625
    ],
    "Cx": 842.3514938488577,
    "Cy": 454.2145869947276,
    "orientation": "horizontal"
}