{
    "weights": [
        0.5455636583100464,
        -0.011492469316309737,
        0.3642189382529153,
        -0.9312424432804449
    ],
    "normal": [
        -0.011492469316309737,
        0.3642189382529153,
        -0.9312424432804449
    ],
    "3d_center": [
        -0.0031985949459547086,
        0.008607517253887875,
        0.5923359134517319
    ],
    "2d_center": [
        632.0189980298338,
        362.51294680551644
    ],
    "mask_color": [
        255,
        0,
        40
    ]
}