{
    "weights": [
        0.4273789143042749,
        0.23048053120786996,
        0.3834678575117917,
        -0.8943327831346978
    ],
    "normal": [
        0.23048053120786996,
        0.3834678575117917,
        -0.8943327831346978
    ],
    "3d_center": [
        -0.03213039411190194,
        0.00622450704999728,
        0.47239588766563634
    ],
    "2d_center": [
        532.4716226274655,
        360.4010048381094
    ],
    "mask_color": [
        255,
        0,
        40
    ]
}