{
    "weights": [
        0.5745316189203592,
        -0.037968775163420405,
        0.3535957709616857,
        -0.9346274139305997
    ],
    "normal": [
        -0.037968775163420405,
        0.3535957709616857,
        -0.9346274139305997
    ],
    "3d_center": [
        -0.006273935198410989,
        0.008123991344723457,
        0.6198152271185273
    ],
    "2d_center": [
        632.5742240215924,
        360.6479138551507
    ],
    "mask_color": [
        255,
        0,
        40
    ]
}