{
    "weights": [
        0.5863794351269112,
        0.043169710023391816,
        0.35493946748366717,
        -0.9338920443814194
    ],
    "normal": [
        0.043169710023391816,
        0.35493946748366717,
        -0.9338920443814194
    ],
    "3d_center": [
        0.0036226902725584485,
        0.009225090298622524,
        0.6342199507758438
    ],
    "2d_center": [
        632.779767107452,
        362.31186736966754
    ],
    "mask_color": [
        255,
        0,
        40
    ]
}