{
    "weights": [
        0.6492778756653173,
        -0.09113816055905713,
        0.3535469755320393,
        -0.9309663644740658
    ],
    "normal": [
        -0.09113816055905713,
        0.3535469755320393,
        -0.9309663644740658
    ],
    "3d_center": [
        -0.01926206281053871,
        0.01110541545736118,
        0.7048915314804968
    ],
    "2d_center": [
        626.0533261437166,
        363.09215007378816
    ],
    "mask_color": [
        255,
        0,
        40
    ]
}