{
    "w": 211.498291015625,
    "h": 62.11181640625,
    "box": [
        908.776123046875,
        422.17022705078125,
        1120.2744140625,
        484.28204345703125
    ],
    "Cx": 1020.153953488372,
    "Cy": 459.4737984496124,
    "orientation": "horizontal"
}