{
    "w": 190.3388671875,
    "h": 70.181884765625,
    "box": [
        578.4813232421875,
        408.74822998046875,
        768.8201904296875,
        478.93011474609375
    ],
    "Cx": 675.7494824016563,
    "Cy": 451.2548309178744,
    "orientation": "horizontal"
}