{
    "w": 56.2794189453125,
    "h": 264.4004592895508,
    "box": [
        936.6146850585938,
        115.01409149169922,
        992.8941040039062,
        379.41455078125
    ],
    "Cx": 968.7788165826055,
    "Cy": 248.8603764300652,
    "orientation": "vertical"
}