{
    "weights": [
        0.5771505790198992,
        0.2940281318226976,
        0.3583026470812442,
        -0.8860963101104913
    ],
    "normal": [
        0.2940281318226976,
        0.3583026470812442,
        -0.8860963101104913
    ],
    "3d_center": [
        -0.11887066600981214,
        0.019140457994917412,
        0.6209141487196761
    ],
    "2d_center": [
        425.35963976774497,
        374.758561440929
    ],
    "mask_color": [
        255,
        0,
        40
    ]
}