{
    "weights": [
        0.6368779054621335,
        -0.07793857063788931,
        0.34775210961853176,
        -0.9343415058011624
    ],
    "normal": [
        -0.07793857063788931,
        0.34775210961853176,
        -0.9343415058011624
    ],
    "3d_center": [
        -0.02323433652968324,
        -0.03675938745648639,
        0.6698896971638717
    ],
    "2d_center": [
        615.3328164141715,
        303.23472106246766
    ],
    "mask_color": [
        255,
        0,
        40
    ]
}