{
    "w": 25.16943359375,
    "h": 114.28070068359375,
    "box": [
        1122.9935302734375,
        291.2366943359375,
        1148.1629638671875,
        405.51739501953125
    ],
    "Cx": 1131.2034764826176,
    "Cy": 347.0976482617587,
    "orientation": "vertical"
}