{
    "w": 180.049072265625,
    "h": 53.9808349609375,
    "box": [
        824.5870971679688,
        376.3462829589844,
        1004.6361694335938,
        430.3271179199219
    ],
    "Cx": 918.9340822382366,
    "Cy": 408.4385332768122,
    "orientation": "horizontal"
}