{
    "w": 190.94647216796875,
    "h": 57.16143798828125,
    "box": [
        795.107421875,
        405.497802734375,
        986.0538940429688,
        462.65924072265625
    ],
    "Cx": 892.6034669555796,
    "Cy": 439.9837486457205,
    "orientation": "horizontal"
}