{
    "weights": [
        0.6152945838398465,
        0.006512124792284461,
        0.34898085510899324,
        -0.9371072270546662
    ],
    "normal": [
        0.006512124792284461,
        0.34898085510899324,
        -0.9371072270546662
    ],
    "3d_center": [
        -0.0006734267430864002,
        0.009202257134797581,
        0.6628497461786254
    ],
    "2d_center": [
        632.923250564334,
        361.9339729119639
    ],
    "mask_color": [
        255,
        0,
        40
    ]
}