{
    "w": 124.10504150390625,
    "h": 38.538360595703125,
    "box": [
        742.3872680664062,
        275.0738220214844,
        866.4923095703125,
        313.6121826171875
    ],
    "Cx": 805.8616780045352,
    "Cy": 298.340589569161,
    "orientation": "horizontal"
}