{
    "weights": [
        0.5982761018843458,
        -0.1073279826087596,
        0.3577643924214404,
        -0.9276234924065104
    ],
    "normal": [
        -0.1073279826087596,
        0.3577643924214404,
        -0.9276234924065104
    ],
    "3d_center": [
        -0.006508772573070599,
        0.0020966161293219394,
        0.6466165259463238
    ],
    "2d_center": [
        641.6507114761683,
        352.44837459509483
    ],
    "mask_color": [
        255,
        0,
        40
    ]
}