{
    "weights": [
        0.6072677854247786,
        -0.05063287192701338,
        0.36640766704884986,
        -0.9290757416961449
    ],
    "normal": [
        -0.05063287192701338,
        0.36640766704884986,
        -0.9290757416961449
    ],
    "3d_center": [
        -0.008362320548467543,
        0.009117599722530866,
        0.6605481337098318
    ],
    "2d_center": [
        632.5191385547237,
        361.5861865903928
    ],
    "mask_color": [
        255,
        0,
        40
    ]
}