{
    "w": 340.167724609375,
    "h": 67.6661376953125,
    "box": [
        939.4495849609375,
        317.6288757324219,
        1279.6173095703125,
        385.2950134277344
    ],
    "Cx": 1105.8439061317183,
    "Cy": 354.82952308856926,
    "orientation": "horizontal"
}