{
    "w": 196.4716796875,
    "h": 61.499603271484375,
    "box": [
        773.9970092773438,
        424.9595642089844,
        970.4686889648438,
        486.45916748046875
    ],
    "Cx": 874.2539190353144,
    "Cy": 461.22273901808785,
    "orientation": "horizontal"
}