{
    "w": 135.29022216796875,
    "h": 39.546905517578125,
    "box": [
        754.7942504882812,
        297.0781555175781,
        890.08447265625,
        336.62506103515625
    ],
    "Cx": 824.3533582089552,
    "Cy": 320.28171641791045,
    "orientation": "horizontal"
}