{
    "w": 214.071044921875,
    "h": 73.78897094726562,
    "box": [
        795.5241088867188,
        446.6528625488281,
        1009.5951538085938,
        520.4418334960938
    ],
    "Cx": 906.0057795319989,
    "Cy": 490.48153369044263,
    "orientation": "horizontal"
}