{
    "w": 157.16351318359375,
    "h": 45.08795166015625,
    "box": [
        827.2582397460938,
        326.42333984375,
        984.4217529296875,
        371.51129150390625
    ],
    "Cx": 908.2206781545303,
    "Cy": 353.13062812673707,
    "orientation": "horizontal"
}