{
    "weights": [
        0.7617503600104549,
        -0.03083817875624089,
        0.3695846718415686,
        -0.9286851872786372
    ],
    "normal": [
        -0.03083817875624089,
        0.3695846718415686,
        -0.9286851872786372
    ],
    "3d_center": [
        0.00681399707726154,
        -0.0014835464853175163,
        0.8204487742241471
    ],
    "2d_center": [
        647.0339057813326,
        347.9863847556314
    ],
    "mask_color": [
        255,
        0,
        40
    ]
}