{
    "weights": [
        0.4435591540551999,
        0.3649296595269118,
        0.29958468624169315,
        -0.8815187799287307
    ],
    "normal": [
        0.3649296595269118,
        0.29958468624169315,
        -0.8815187799287307
    ],
    "3d_center": [
        -0.03950592905918017,
        0.008310563124683609,
        0.4906126046600664
    ],
    "2d_center": [
        509.66758297699045,
        364.69659947057625
    ],
    "mask_color": [
        255,
        0,
        40
    ]
}