{
    "w": 156.23406982421875,
    "h": 42.285064697265625,
    "box": [
        927.5542602539062,
        310.939453125,
        1083.788330078125,
        353.2245178222656
    ],
    "Cx": 1007.4496913580247,
    "Cy": 335.9064814814815,
    "orientation": "horizontal"
}