{
    "weights": [
        0.6165872094323411,
        -0.040648290878971274,
        0.3588229469581551,
        -0.9325201387556644
    ],
    "normal": [
        -0.040648290878971274,
        0.3588229469581551,
        -0.9325201387556644
    ],
    "3d_center": [
        0.019372946349297804,
        0.010662791906413232,
        0.6637101649869958
    ],
    "2d_center": [
        671.7687088648736,
        362.85995774762324
    ],
    "mask_color": [
        255,
        0,
        40
    ]
}