{
	"width" : 1280,
	"height" : 720,
	"intrinsic_matrix" :
	[
		911.9500122070312,
		0,
		0,
		0,
        911.5035400390625,
		0,
        640.0983276367188,
		370.97808837890625,
		1
	],
    "depth_scale": 0.0010000000474974513
}