{
    "w": 224.192138671875,
    "h": 61.8087158203125,
    "box": [
        1042.6611328125,
        426.5221862792969,
        1266.853271484375,
        488.3309020996094
    ],
    "Cx": 1160.1108236308753,
    "Cy": 463.7741842748311,
    "orientation": "horizontal"
}