{
    "weights": [
        0.6160686150953234,
        0.01648318987975052,
        0.35874916659666384,
        -0.9332884548292598
    ],
    "normal": [
        0.01648318987975052,
        0.35874916659666384,
        -0.9332884548292598
    ],
    "3d_center": [
        0.0011460438301689737,
        0.00937206925470701,
        0.6663583662100324
    ],
    "2d_center": [
        633.8375769445998,
        361.8111359820928
    ],
    "mask_color": [
        255,
        0,
        40
    ]
}