{
    "weights": [
        0.6185798348816575,
        0.0902104479218749,
        0.3573357265915526,
        -0.929609194009516
    ],
    "normal": [
        0.0902104479218749,
        0.3573357265915526,
        -0.929609194009516
    ],
    "3d_center": [
        0.008064028128253485,
        0.011058287300562675,
        0.6712305059526897
    ],
    "2d_center": [
        632.1378665899942,
        363.63182863714775
    ],
    "mask_color": [
        255,
        0,
        40
    ]
}