{
    "w": 208.28466796875,
    "h": 67.06149291992188,
    "box": [
        901.5130615234375,
        418.8912658691406,
        1109.7977294921875,
        485.9527587890625
    ],
    "Cx": 1007.7536464176951,
    "Cy": 458.43740984132074,
    "orientation": "horizontal"
}