{
    "w": 199.64154052734375,
    "h": 57.585479736328125,
    "box": [
        816.1295166015625,
        415.70184326171875,
        1015.7710571289062,
        473.2873229980469
    ],
    "Cx": 918.7054054054054,
    "Cy": 450.9028716216216,
    "orientation": "horizontal"
}