{
    "weights": [
        0.47472829727178284,
        0.10307211923056055,
        0.3445809693233064,
        -0.933080968521774
    ],
    "normal": [
        0.10307211923056055,
        0.3445809693233064,
        -0.933080968521774
    ],
    "3d_center": [
        0.0014517489236678476,
        0.008463856854118391,
        0.5126796737927642
    ],
    "2d_center": [
        621.0652020261515,
        363.94024620096593
    ],
    "mask_color": [
        255,
        0,
        40
    ]
}