{
    "weights": [
        0.6969505094965927,
        -0.013574062579259433,
        0.38235893354316297,
        -0.9239141685052942
    ],
    "normal": [
        -0.013574062579259433,
        0.38235893354316297,
        -0.9239141685052942
    ],
    "3d_center": [
        -0.005099282657408389,
        0.008586324347688586,
        0.7587901589058149
    ],
    "2d_center": [
        631.977608845888,
        358.0447823082239
    ],
    "mask_color": [
        255,
        0,
        40
    ]
}