{
    "weights": [
        0.6599039704797247,
        0.05136970064754452,
        0.35845689703445727,
        -0.9321318612856282
    ],
    "normal": [
        0.05136970064754452,
        0.35845689703445727,
        -0.9321318612856282
    ],
    "3d_center": [
        0.0009472151514414899,
        0.011486788744823125,
        0.7135229214216126
    ],
    "2d_center": [
        628.6809299671944,
        363.2108115818
    ],
    "mask_color": [
        255,
        0,
        40
    ]
}