{
    "w": 191.48370361328125,
    "h": 70.01785278320312,
    "box": [
        735.0286254882812,
        411.9046630859375,
        926.5123291015625,
        481.9225158691406
    ],
    "Cx": 832.5821579689704,
    "Cy": 453.8968617771509,
    "orientation": "horizontal"
}