{
    "w": 198.57171630859375,
    "h": 63.0809326171875,
    "box": [
        797.8442993164062,
        429.41064453125,
        996.416015625,
        492.4915771484375
    ],
    "Cx": 899.6294069861901,
    "Cy": 467.9626320064988,
    "orientation": "horizontal"
}