{
    "weights": [
        0.6734631868827117,
        0.027699963082327164,
        0.35583417758745384,
        -0.9341385069174153
    ],
    "normal": [
        0.027699963082327164,
        0.35583417758745384,
        -0.9341385069174153
    ],
    "3d_center": [
        -0.002387769197608749,
        0.009400238962759766,
        0.7248106249059
    ],
    "2d_center": [
        628.2653874622787,
        360.976769344645
    ],
    "mask_color": [
        255,
        0,
        40
    ]
}