{
    "weights": [
        0.5897303183223291,
        -0.08314849664966631,
        0.3696631712761881,
        -0.9254379867429974
    ],
    "normal": [
        -0.08314849664966631,
        0.3696631712761881,
        -0.9254379867429974
    ],
    "3d_center": [
        -0.013822824864947184,
        0.00939485887747972,
        0.6433012530549587
    ],
    "2d_center": [
        630.1217795297762,
        362.04603688582284
    ],
    "mask_color": [
        255,
        0,
        40
    ]
}