{
    "weights": [
        0.44610137665357785,
        0.4449598871930593,
        0.36515448928390015,
        -0.8177242186366712
    ],
    "normal": [
        0.4449598871930593,
        0.36515448928390015,
        -0.8177242186366712
    ],
    "3d_center": [
        -0.09868673469072617,
        0.01990963349792508,
        0.5015138991302044
    ],
    "2d_center": [
        402.4598108061052,
        382.56398351807786
    ],
    "mask_color": [
        255,
        0,
        40
    ]
}