{
    "w": 397.92669677734375,
    "h": 54.98590087890625,
    "box": [
        881.0324096679688,
        290.3791809082031,
        1278.9591064453125,
        345.3650817871094
    ],
    "Cx": 1077.9790018484289,
    "Cy": 318.3270979667283,
    "orientation": "horizontal"
}