{
    "w": 204.70867919921875,
    "h": 65.55963134765625,
    "box": [
        778.1224365234375,
        435.89849853515625,
        982.8311157226562,
        501.4581298828125
    ],
    "Cx": 883.4245662949195,
    "Cy": 475.3681846344486,
    "orientation": "horizontal"
}