{
    "w": 203.57757568359375,
    "h": 65.66156005859375,
    "box": [
        753.12451171875,
        436.0760192871094,
        956.7020874023438,
        501.7375793457031
    ],
    "Cx": 857.3548337200309,
    "Cy": 474.615777262181,
    "orientation": "horizontal"
}