{
    "w": 208.6524658203125,
    "h": 70.2020263671875,
    "box": [
        749.236328125,
        450.46087646484375,
        957.8887939453125,
        520.6629028320312
    ],
    "Cx": 855.457815470098,
    "Cy": 492.612662669981,
    "orientation": "horizontal"
}