{
    "weights": [
        0.7365951056432845,
        -0.0686507809807187,
        0.3722966317579121,
        -0.9255713307208965
    ],
    "normal": [
        -0.0686507809807187,
        0.3722966317579121,
        -0.9255713307208965
    ],
    "3d_center": [
        0.0024087792632787497,
        0.00043493852721752046,
        0.7973387672073688
    ],
    "2d_center": [
        646.2326906222611,
        350.02862985685067
    ],
    "mask_color": [
        255,
        0,
        40
    ]
}