{
    "w": 203.71527099609375,
    "h": 59.849639892578125,
    "box": [
        851.0029907226562,
        418.4786376953125,
        1054.71826171875,
        478.3282775878906
    ],
    "Cx": 955.4392415498763,
    "Cy": 454.4089035449299,
    "orientation": "horizontal"
}