{
    "weights": [
        0.6529871607072212,
        0.024466351542195293,
        0.3674452511675303,
        -0.9297232841209497
    ],
    "normal": [
        0.024466351542195293,
        0.3674452511675303,
        -0.9297232841209497
    ],
    "3d_center": [
        0.0027222914987580886,
        0.008591750321025078,
        0.7086993240533086
    ],
    "2d_center": [
        634.7704189888816,
        359.99179562622004
    ],
    "mask_color": [
        255,
        0,
        40
    ]
}