{
    "w": 182.84747314453125,
    "h": 62.584136962890625,
    "box": [
        701.079833984375,
        394.6590270996094,
        883.9273071289062,
        457.2431640625
    ],
    "Cx": 795.1934413429631,
    "Cy": 432.3380831544017,
    "orientation": "horizontal"
}