{
    "w": 217.15606689453125,
    "h": 76.45608520507812,
    "box": [
        835.4804077148438,
        447.1220397949219,
        1052.636474609375,
        523.578125
    ],
    "Cx": 947.3920077433628,
    "Cy": 491.8223174778761,
    "orientation": "horizontal"
}