{
    "w": 223.5989990234375,
    "h": 75.1668701171875,
    "box": [
        805.2972412109375,
        459.77960205078125,
        1028.896240234375,
        534.9464721679688
    ],
    "Cx": 919.7845868152275,
    "Cy": 503.49316885528583,
    "orientation": "horizontal"
}