{
    "weights": [
        0.4750541493201059,
        0.07553502447434007,
        0.3491012510351248,
        -0.934035746962273
    ],
    "normal": [
        0.07553502447434007,
        0.3491012510351248,
        -0.934035746962273
    ],
    "3d_center": [
        0.005593707360422981,
        0.006755522298887473,
        0.514092295932801
    ],
    "2d_center": [
        632.2509409215328,
        361.52985287408757
    ],
    "mask_color": [
        255,
        0,
        40
    ]
}