{
    "w": 218.332275390625,
    "h": 66.769287109375,
    "box": [
        943.1630859375,
        436.0681457519531,
        1161.495361328125,
        502.8374328613281
    ],
    "Cx": 1056.7188838033367,
    "Cy": 475.16034253654215,
    "orientation": "horizontal"
}