{
    "w": 87.65777587890625,
    "h": 315.04248046875,
    "box": [
        1013.0532836914062,
        128.16934204101562,
        1100.7110595703125,
        443.2118225097656
    ],
    "Cx": 1064.5118991331758,
    "Cy": 285.5271079590228,
    "orientation": "vertical"
}