{
    "weights": [
        0.6219020592288509,
        -0.09491853766566996,
        0.35459462971121536,
        -0.9301898299741707
    ],
    "normal": [
        -0.09491853766566996,
        0.35459462971121536,
        -0.9301898299741707
    ],
    "3d_center": [
        -0.014570463323607135,
        0.007233695367320043,
        0.6740883542163831
    ],
    "2d_center": [
        630.4908403026682,
        358.84749957330604
    ],
    "mask_color": [
        255,
        0,
        40
    ]
}