{
    "w": 224.43902587890625,
    "h": 84.36807250976562,
    "box": [
        814.0114135742188,
        468.6993713378906,
        1038.450439453125,
        553.0674438476562
    ],
    "Cx": 932.2048848392812,
    "Cy": 515.8905340420147,
    "orientation": "horizontal"
}