{
    "weights": [
        0.6206251959924178,
        0.01335459769952408,
        0.34958082165985466,
        -0.9368110288889137
    ],
    "normal": [
        0.01335459769952408,
        0.34958082165985466,
        -0.9368110288889137
    ],
    "3d_center": [
        -0.001984028310972703,
        0.009930541582759468,
        0.6684911891683181
    ],
    "2d_center": [
        630.0307327938647,
        362.62511630529787
    ],
    "mask_color": [
        255,
        0,
        40
    ]
}