{
    "weights": [
        0.6372379126111515,
        -0.028544470272821275,
        0.385118338118826,
        -0.9224256495032201
    ],
    "normal": [
        -0.028544470272821275,
        0.385118338118826,
        -0.9224256495032201
    ],
    "3d_center": [
        -0.009560528867476636,
        0.008566207979087652,
        0.6971030102309433
    ],
    "2d_center": [
        628.7174978539584,
        358.7454656217982
    ],
    "mask_color": [
        255,
        0,
        40
    ]
}