{
    "w": 195.3321533203125,
    "h": 60.45550537109375,
    "box": [
        812.6879272460938,
        405.0110778808594,
        1008.0200805664062,
        465.4665832519531
    ],
    "Cx": 913.230548068284,
    "Cy": 441.4954177897574,
    "orientation": "horizontal"
}