{
    "weights": [
        0.5997703594518066,
        0.2163147693730041,
        0.33377708119868754,
        -0.9174970194052885
    ],
    "normal": [
        0.2163147693730041,
        0.33377708119868754,
        -0.9174970194052885
    ],
    "3d_center": [
        -0.003505956212410407,
        -0.024932886213953266,
        0.6434184273384489
    ],
    "2d_center": [
        595.6975580106547,
        317.49937430726874
    ],
    "mask_color": [
        255,
        0,
        40
    ]
}