{
    "weights": [
        0.48607899066819993,
        0.20318406023403607,
        0.30749211254400843,
        -0.9296046677970342
    ],
    "normal": [
        0.20318406023403607,
        0.30749211254400843,
        -0.9296046677970342
    ],
    "3d_center": [
        0.0024231302153824995,
        0.014024779065633293,
        0.528423659317075
    ],
    "2d_center": [
        595.8169482137911,
        374.2019754453983
    ],
    "mask_color": [
        255,
        0,
        40
    ]
}