{
    "weights": [
        0.571399746184393,
        -0.07788529445730946,
        0.3509588133704618,
        -0.9331461794514809
    ],
    "normal": [
        -0.07788529445730946,
        0.3509588133704618,
        -0.9331461794514809
    ],
    "3d_center": [
        -0.01396281268122484,
        0.00875351592746368,
        0.6182361547784333
    ],
    "2d_center": [
        628.127321707075,
        361.8039132284134
    ],
    "mask_color": [
        255,
        0,
        40
    ]
}