{
    "w": 176.9434814453125,
    "h": 53.1221923828125,
    "box": [
        783.5017700195312,
        378.4260559082031,
        960.4452514648438,
        431.5482482910156
    ],
    "Cx": 875.3355219960604,
    "Cy": 410.2827752243379,
    "orientation": "horizontal"
}