{
    "w": 7.270721435546875,
    "h": 35.82655334472656,
    "box": [
        483.7878723144531,
        128.9724884033203,
        491.05859375,
        164.79904174804688
    ],
    "Cx": 487.1841155234657,
    "Cy": 146.20938628158845,
    "orientation": "vertical"
}