{
    "weights": [
        0.6386178714666102,
        -0.053102421362389414,
        0.34806942744824143,
        -0.935963571150771
    ],
    "normal": [
        -0.053102421362389414,
        0.34806942744824143,
        -0.935963571150771
    ],
    "3d_center": [
        -0.01746795417941043,
        0.008772861768702593,
        0.6877673563216423
    ],
    "2d_center": [
        621.4978106815694,
        360.8457682779282
    ],
    "mask_color": [
        255,
        0,
        40
    ]
}