{
    "w": 213.567138671875,
    "h": 60.84100341796875,
    "box": [
        1018.53271484375,
        412.07550048828125,
        1232.099853515625,
        472.91650390625
    ],
    "Cx": 1132.6233953786907,
    "Cy": 448.1596598202824,
    "orientation": "horizontal"
}