{
    "w": 187.17694091796875,
    "h": 55.7381591796875,
    "box": [
        804.8605346679688,
        394.2994384765625,
        992.0374755859375,
        450.03759765625
    ],
    "Cx": 901.1363549068561,
    "Cy": 427.92548492414056,
    "orientation": "horizontal"
}