{
    "weights": [
        1.06021184065085,
        -0.0671613162534604,
        0.35377479773853604,
        -0.9329162666219
    ],
    "normal": [
        -0.0671613162534604,
        0.35377479773853604,
        -0.9329162666219
    ],
    "3d_center": [
        0.09734658605506154,
        -0.12902994632823794,
        1.0808814655019252
    ],
    "2d_center": [
        721.5340984623564,
        250.75464173350468
    ],
    "mask_color": [
        255,
        0,
        40
    ]
}