{
    "w": 210.33160400390625,
    "h": 80.50051879882812,
    "box": [
        644.5623168945312,
        450.9967956542969,
        854.8939208984375,
        531.497314453125
    ],
    "Cx": 754.9976920988324,
    "Cy": 499.149877816997,
    "orientation": "horizontal"
}