{
    "w": 721.533447265625,
    "h": 56.766448974609375,
    "box": [
        322.208740234375,
        310.2574157714844,
        1043.7421875,
        367.02386474609375
    ],
    "Cx": 659.2314141729474,
    "Cy": 346.28943495517996,
    "orientation": "horizontal"
}