{
    "weights": [
        0.5617872127826118,
        -0.16163037610553874,
        0.34390253372422375,
        -0.9249900911999225
    ],
    "normal": [
        -0.16163037610553874,
        0.34390253372422375,
        -0.9249900911999225
    ],
    "3d_center": [
        -0.25338413927694237,
        0.0038275206682461585,
        0.6544532296693104
    ],
    "2d_center": [
        296.17165024845264,
        356.21654607270506
    ],
    "mask_color": [
        255,
        0,
        40
    ]
}