{
    "weights": [
        0.5064152137315845,
        0.01827538589962303,
        0.34841453997175204,
        -0.9371623757954071
    ],
    "normal": [
        0.01827538589962303,
        0.34841453997175204,
        -0.9371623757954071
    ],
    "3d_center": [
        -0.0026821543213948213,
        0.008097579541278769,
        0.5445848040055902
    ],
    "2d_center": [
        628.3852687153884,
        362.72000803420275
    ],
    "mask_color": [
        255,
        0,
        40
    ]
}