{
    "weights": [
        0.6282948963006842,
        -0.04063760023843474,
        0.3770853069844148,
        -0.9252865808512143
    ],
    "normal": [
        -0.04063760023843474,
        0.3770853069844148,
        -0.9252865808512143
    ],
    "3d_center": [
        -0.005781448289662623,
        0.009700380942505474,
        0.684979576762361
    ],
    "2d_center": [
        634.0930934286991,
        361.6069233348234
    ],
    "mask_color": [
        255,
        0,
        40
    ]
}