{
    "w": 203.96826171875,
    "h": 66.99884033203125,
    "box": [
        808.9668579101562,
        417.75860595703125,
        1012.9351196289062,
        484.7574462890625
    ],
    "Cx": 916.5957043588123,
    "Cy": 457.7365761212887,
    "orientation": "horizontal"
}