{
    "weights": [
        0.6131896723232889,
        -0.03417810983751128,
        0.35962407735587704,
        -0.9324711147235978
    ],
    "normal": [
        -0.03417810983751128,
        0.35962407735587704,
        -0.9324711147235978
    ],
    "3d_center": [
        0.030309042513566295,
        0.010186692200536574,
        0.6609501972883732
    ],
    "2d_center": [
        685.4078266889277,
        362.45530805880196
    ],
    "mask_color": [
        255,
        0,
        40
    ]
}