{
    "weights": [
        0.6364240537071216,
        0.12936778075916583,
        0.3447796974982902,
        -0.9297262701970057
    ],
    "normal": [
        0.12936778075916583,
        0.3447796974982902,
        -0.9297262701970057
    ],
    "3d_center": [
        0.00756045995827151,
        -0.039669939543250966,
        0.6688950563166638
    ],
    "2d_center": [
        632.7585374683239,
        299.1649571618197
    ],
    "mask_color": [
        255,
        0,
        40
    ]
}