{
    "w": 204.07354736328125,
    "h": 65.10211181640625,
    "box": [
        773.995849609375,
        426.8048400878906,
        978.0693969726562,
        491.9069519042969
    ],
    "Cx": 879.3182104599874,
    "Cy": 466.54536862003783,
    "orientation": "horizontal"
}