{
    "weights": [
        0.6625793714495299,
        -0.043755523546100884,
        0.3684567478361488,
        -0.9286146020460883
    ],
    "normal": [
        -0.043755523546100884,
        0.3684567478361488,
        -0.9286146020460883
    ],
    "3d_center": [
        -0.00934784618547745,
        0.01014047880583245,
        0.719315570438344
    ],
    "2d_center": [
        631.0358077865045,
        361.4562396194015
    ],
    "mask_color": [
        255,
        0,
        40
    ]
}