{
    "weights": [
        0.6661254749746255,
        -0.04736578538442701,
        0.34904215252172577,
        -0.9359092146880041
    ],
    "normal": [
        -0.04736578538442701,
        0.34904215252172577,
        -0.9359092146880041
    ],
    "3d_center": [
        -0.009666376431044272,
        0.010107692697665779,
        0.7185471379998684
    ],
    "2d_center": [
        630.6492104008303,
        361.93122212560655
    ],
    "mask_color": [
        255,
        0,
        40
    ]
}