{
    "weights": [
        0.5618837945298958,
        0.2614888900524132,
        0.38688785564038247,
        -0.8842744752265235
    ],
    "normal": [
        0.2614888900524132,
        0.38688785564038247,
        -0.8842744752265235
    ],
    "3d_center": [
        -0.10007956965742233,
        0.039355171298567714,
        0.6236506966403421
    ],
    "2d_center": [
        435.08405379442837,
        400.02971902017293
    ],
    "mask_color": [
        255,
        0,
        40
    ]
}