{
    "weights": [
        0.6309454028700658,
        -0.11014402976444973,
        0.35806806052566337,
        -0.9271761195903604
    ],
    "normal": [
        -0.11014402976444973,
        0.35806806052566337,
        -0.9271761195903604
    ],
    "3d_center": [
        -0.01825765064654755,
        0.009258542449281457,
        0.6898413786454428
    ],
    "2d_center": [
        629.3221902339492,
        360.87276742040973
    ],
    "mask_color": [
        255,
        0,
        40
    ]
}