{
    "weights": [
        0.5900037437997905,
        -0.05433792291646822,
        0.3413883403118589,
        -0.9383503563340495
    ],
    "normal": [
        -0.05433792291646822,
        0.3413883403118589,
        -0.9383503563340495
    ],
    "3d_center": [
        -0.012593778337087249,
        0.008510440232444093,
        0.63469771030053
    ],
    "2d_center": [
        626.0178049054905,
        361.32074144914486
    ],
    "mask_color": [
        255,
        0,
        40
    ]
}