{
    "weights": [
        0.6367659306112106,
        0.02579343624355285,
        0.36590742159465395,
        -0.9302937479466912
    ],
    "normal": [
        0.02579343624355285,
        0.36590742159465395,
        -0.9302937479466912
    ],
    "3d_center": [
        0.0012504870458543904,
        0.009706048855303325,
        0.6913738187233939
    ],
    "2d_center": [
        631.9331856048918,
        361.9341673445345
    ],
    "mask_color": [
        255,
        0,
        40
    ]
}