{
    "weights": [
        0.6186437437503145,
        0.05653806905983831,
        0.36403534259724085,
        -0.92966752986597
    ],
    "normal": [
        0.05653806905983831,
        0.36403534259724085,
        -0.92966752986597
    ],
    "3d_center": [
        0.0036785698164791265,
        0.010750478753452685,
        0.6730392169911241
    ],
    "2d_center": [
        629.4444287250296,
        363.7033840756041
    ],
    "mask_color": [
        255,
        0,
        40
    ]
}