{
    "w": 188.47222900390625,
    "h": 66.82763671875,
    "box": [
        713.7525634765625,
        411.9936828613281,
        902.2247924804688,
        478.8213195800781
    ],
    "Cx": 810.6016023306628,
    "Cy": 451.6096139839767,
    "orientation": "horizontal"
}