{
    "weights": [
        0.6094843301143824,
        -0.09589848377474514,
        0.3739615895516226,
        -0.9224728778396297
    ],
    "normal": [
        -0.09589848377474514,
        0.3739615895516226,
        -0.9224728778396297
    ],
    "3d_center": [
        -0.016466928754582395,
        0.009361244499084438,
        0.6688212757572016
    ],
    "2d_center": [
        629.5305557884147,
        361.6972643697432
    ],
    "mask_color": [
        255,
        0,
        40
    ]
}