{
    "w": 188.20233154296875,
    "h": 59.570343017578125,
    "box": [
        888.3030395507812,
        385.9933166503906,
        1076.50537109375,
        445.56365966796875
    ],
    "Cx": 983.1986179664364,
    "Cy": 421.0096742349457,
    "orientation": "horizontal"
}