{
    "weights": [
        0.7018479426082335,
        -0.09492140517142132,
        0.36079296056642157,
        -0.9278029782480758
    ],
    "normal": [
        -0.09492140517142132,
        0.36079296056642157,
        -0.9278029782480758
    ],
    "3d_center": [
        -0.01877650581362072,
        0.009757912116704069,
        0.7634107250180737
    ],
    "2d_center": [
        629.2467276565799,
        360.28149190710764
    ],
    "mask_color": [
        255,
        0,
        40
    ]
}