{
    "weights": [
        0.6345529802737524,
        -0.04284359895288139,
        0.34824855674968347,
        -0.9364226442961147
    ],
    "normal": [
        -0.04284359895288139,
        0.34824855674968347,
        -0.9364226442961147
    ],
    "3d_center": [
        -0.00965037677133798,
        0.009969547768773195,
        0.6830474665364485
    ],
    "2d_center": [
        629.1794135046057,
        362.241049043635
    ],
    "mask_color": [
        255,
        0,
        40
    ]
}