{
    "weights": [
        0.6102856703188472,
        0.049787157626267065,
        0.37582776721476796,
        -0.9253511378530097
    ],
    "normal": [
        0.049787157626267065,
        0.37582776721476796,
        -0.9253511378530097
    ],
    "3d_center": [
        0.00479059669220491,
        0.009218569399752697,
        0.6665967752591854
    ],
    "2d_center": [
        634.5424845765564,
        361.54472798653956
    ],
    "mask_color": [
        255,
        0,
        40
    ]
}