{
    "weights": [
        0.7174558864486539,
        -0.03779847082978016,
        0.3602537961581809,
        -0.9320882350703449
    ],
    "normal": [
        -0.03779847082978016,
        0.3602537961581809,
        -0.9320882350703449
    ],
    "3d_center": [
        -0.008942525980018604,
        0.008706428159738235,
        0.7750918417975795
    ],
    "2d_center": [
        630.8721880814117,
        359.470739132886
    ],
    "mask_color": [
        255,
        0,
        40
    ]
}