{
    "w": 131.68170166015625,
    "h": 38.699310302734375,
    "box": [
        796.4697265625,
        281.59259033203125,
        928.1514282226562,
        320.2919006347656
    ],
    "Cx": 863.7100248550124,
    "Cy": 304.98301574150787,
    "orientation": "horizontal"
}