{
    "w": 733.9455261230469,
    "h": 108.89181518554688,
    "box": [
        281.9773254394531,
        302.5030212402344,
        1015.9228515625,
        411.39483642578125
    ],
    "Cx": 621.2651144278607,
    "Cy": 359.46483582089553,
    "orientation": "horizontal"
}