{
    "weights": [
        0.549485246184939,
        -0.011859006096172025,
        0.3422720802715571,
        -0.9395260438332678
    ],
    "normal": [
        -0.011859006096172025,
        0.3422720802715571,
        -0.9395260438332678
    ],
    "3d_center": [
        -0.005909567376767494,
        0.008725065246160651,
        0.5904636432233772
    ],
    "2d_center": [
        628.1087869671339,
        362.7683487540444
    ],
    "mask_color": [
        255,
        0,
        40
    ]
}