{
    "weights": [
        0.6580926274531365,
        0.043101242206124275,
        0.34953123282757154,
        -0.9359327968387081
    ],
    "normal": [
        0.043101242206124275,
        0.34953123282757154,
        -0.9359327968387081
    ],
    "3d_center": [
        0.0033388497262227374,
        0.010145391246901055,
        0.7099065378656786
    ],
    "2d_center": [
        631.9998311428812,
        362.22666253904816
    ],
    "mask_color": [
        255,
        0,
        40
    ]
}