{
    "weights": [
        0.5518762758013271,
        0.04623011852577617,
        0.35596987822030557,
        -0.9333532139232784
    ],
    "normal": [
        0.04623011852577617,
        0.35596987822030557,
        -0.9333532139232784
    ],
    "3d_center": [
        0.002409779484683988,
        0.009068028720453062,
        0.5967093940960688
    ],
    "2d_center": [
        631.2110226854343,
        362.921634710697
    ],
    "mask_color": [
        255,
        0,
        40
    ]
}