{
    "weights": [
        0.6265437074394672,
        -0.0063532578685476055,
        0.3554529613450658,
        -0.9346725781713503
    ],
    "normal": [
        -0.0063532578685476055,
        0.3554529613450658,
        -0.9346725781713503
    ],
    "3d_center": [
        -0.0025889859961140804,
        0.009731158714361527,
        0.676862872631175
    ],
    "2d_center": [
        632.4404310852909,
        361.95391653335577
    ],
    "mask_color": [
        255,
        0,
        40
    ]
}