{
    "w": 247.47906494140625,
    "h": 98.31890869140625,
    "box": [
        753.438720703125,
        509.62213134765625,
        1000.9177856445312,
        607.9410400390625
    ],
    "Cx": 884.5060902555911,
    "Cy": 568.8346645367412,
    "orientation": "horizontal"
}