{
    "w": 198.6448974609375,
    "h": 65.69091796875,
    "box": [
        812.5796508789062,
        420.0695495605469,
        1011.2245483398438,
        485.7604675292969
    ],
    "Cx": 916.4496174507569,
    "Cy": 459.4100602311574,
    "orientation": "horizontal"
}