{
    "weights": [
        0.9340225893254159,
        -0.041152301557622284,
        0.35921697442962275,
        -0.9323463162141724
    ],
    "normal": [
        -0.041152301557622284,
        0.35921697442962275,
        -0.9323463162141724
    ],
    "3d_center": [
        0.027713561771991704,
        -0.019276032094182383,
        0.9938904558205273
    ],
    "2d_center": [
        665.5580891029116,
        332.7663679561182
    ],
    "mask_color": [
        255,
        0,
        40
    ]
}