{
    "w": 228.02447509765625,
    "h": 77.893798828125,
    "box": [
        811.2659301757812,
        474.94464111328125,
        1039.2904052734375,
        552.8384399414062
    ],
    "Cx": 930.0756830913456,
    "Cy": 520.9238596090088,
    "orientation": "horizontal"
}