{
    "w": 218.59075927734375,
    "h": 72.5042724609375,
    "box": [
        798.53662109375,
        462.66461181640625,
        1017.1273803710938,
        535.1688842773438
    ],
    "Cx": 908.4370468029005,
    "Cy": 505.92577455504284,
    "orientation": "horizontal"
}