{
    "weights": [
        0.5939864397346506,
        0.007241961469351921,
        0.33786132948854036,
        -0.941168038147446
    ],
    "normal": [
        0.007241961469351921,
        0.33786132948854036,
        -0.941168038147446
    ],
    "3d_center": [
        -0.003732683021140963,
        0.007591541136335323,
        0.6366502348967136
    ],
    "2d_center": [
        628.2977904490377,
        360.18189593727726
    ],
    "mask_color": [
        255,
        0,
        40
    ]
}