{
    "weights": [
        0.5508444234078621,
        -0.06047165621526497,
        0.37884765778635454,
        -0.9234812564337056
    ],
    "normal": [
        -0.06047165621526497,
        0.37884765778635454,
        -0.9234812564337056
    ],
    "3d_center": [
        -0.009237017639900813,
        0.008283911170075153,
        0.600624708309579
    ],
    "2d_center": [
        630.1393145331347,
        361.69454831726034
    ],
    "mask_color": [
        255,
        0,
        40
    ]
}