{
    "weights": [
        0.6654271793145852,
        -0.13755999353387544,
        0.3720377764295335,
        -0.9179679412094565
    ],
    "normal": [
        -0.13755999353387544,
        0.3720377764295335,
        -0.9179679412094565
    ],
    "3d_center": [
        -0.019673848931731564,
        0.0075382195029817895,
        0.7342438970320047
    ],
    "2d_center": [
        633.4670254211161,
        358.5481655876005
    ],
    "mask_color": [
        255,
        0,
        40
    ]
}