{
    "w": 1104.8390655517578,
    "h": 74.0653076171875,
    "box": [
        171.9520721435547,
        380.2835693359375,
        1276.7911376953125,
        454.348876953125
    ],
    "Cx": 724.6460942280237,
    "Cy": 418.82959412604527,
    "orientation": "horizontal"
}