{
    "w": 228.79144287109375,
    "h": 84.43698120117188,
    "box": [
        814.6036987304688,
        469.5437316894531,
        1043.3951416015625,
        553.980712890625
    ],
    "Cx": 936.5863047501542,
    "Cy": 519.7436150524368,
    "orientation": "horizontal"
}