{
    "w": 871.1358947753906,
    "h": 91.29690551757812,
    "box": [
        408.8554382324219,
        283.9584045410156,
        1279.9913330078125,
        375.25531005859375
    ],
    "Cx": 842.1473897315058,
    "Cy": 329.81295011781884,
    "orientation": "horizontal"
}