{
    "w": 209.79046630859375,
    "h": 66.66513061523438,
    "box": [
        858.5746459960938,
        433.1090087890625,
        1068.3651123046875,
        499.7741394042969
    ],
    "Cx": 966.6381578947369,
    "Cy": 471.1326499388005,
    "orientation": "horizontal"
}