{
    "weights": [
        0.6360440953790647,
        0.15634960489502053,
        0.36867355433654614,
        -0.9163157814760304
    ],
    "normal": [
        0.15634960489502053,
        0.36867355433654614,
        -0.9163157814760304
    ],
    "3d_center": [
        0.019969668798904903,
        0.009931966806553892,
        0.7092938569122516
    ],
    "2d_center": [
        638.6913185085355,
        361.9075696316262
    ],
    "mask_color": [
        255,
        0,
        40
    ]
}