{
    "weights": [
        0.6398031526193246,
        -0.05581659269154503,
        0.3469841947588366,
        -0.9362085646734214
    ],
    "normal": [
        -0.05581659269154503,
        0.3469841947588366,
        -0.9362085646734214
    ],
    "3d_center": [
        0.06591858761996969,
        -0.0009145819616383312,
        0.682067295790022
    ],
    "2d_center": [
        728.3320233550415,
        344.7844150011228
    ],
    "mask_color": [
        255,
        0,
        40
    ]
}