{
    "w": 193.61285400390625,
    "h": 66.7889404296875,
    "box": [
        674.5599365234375,
        434.90655517578125,
        868.1727905273438,
        501.69549560546875
    ],
    "Cx": 772.9471819102262,
    "Cy": 473.279277759028,
    "orientation": "horizontal"
}