{
    "weights": [
        0.7030280590636931,
        0.07008683020522277,
        0.3446546340377683,
        -0.9361095125401071
    ],
    "normal": [
        0.07008683020522277,
        0.3446546340377683,
        -0.9361095125401071
    ],
    "3d_center": [
        0.04965997348087001,
        -0.012696590535688673,
        0.7498527523063633
    ],
    "2d_center": [
        688.0340747570204,
        332.4509238984288
    ],
    "mask_color": [
        255,
        0,
        40
    ]
}