{
    "w": 196.2886962890625,
    "h": 62.84600830078125,
    "box": [
        754.2080078125,
        415.032470703125,
        950.4967041015625,
        477.87847900390625
    ],
    "Cx": 855.4829679595279,
    "Cy": 453.0239460370995,
    "orientation": "horizontal"
}