{
    "w": 196.47332763671875,
    "h": 63.859344482421875,
    "box": [
        727.5497436523438,
        423.8599853515625,
        924.0230712890625,
        487.7193298339844
    ],
    "Cx": 829.1103667727349,
    "Cy": 462.0318204655837,
    "orientation": "horizontal"
}