{
    "weights": [
        0.649824000481155,
        -0.0217256693689131,
        0.35301716988706106,
        -0.9353645669231877
    ],
    "normal": [
        -0.0217256693689131,
        0.35301716988706106,
        -0.9353645669231877
    ],
    "3d_center": [
        0.06086482169397693,
        -0.0011608132050368147,
        0.6964650116908011
    ],
    "2d_center": [
        718.3845752996351,
        344.8568823047718
    ],
    "mask_color": [
        255,
        0,
        40
    ]
}