{
    "w": 125.17509460449219,
    "h": 121.09483337402344,
    "box": [
        169.16172790527344,
        239.1483612060547,
        294.3368225097656,
        360.2431945800781
    ],
    "Cx": 224.2556158017041,
    "Cy": 302.53188742576816,
    "orientation": "horizontal"
}