{
    "w": 135.2735595703125,
    "h": 41.798004150390625,
    "box": [
        751.0238037109375,
        290.1269836425781,
        886.29736328125,
        331.92498779296875
    ],
    "Cx": 820.6173271173271,
    "Cy": 315.010878010878,
    "orientation": "horizontal"
}