{
    "weights": [
        0.652282179915585,
        -0.08962260232297051,
        0.33630782635725315,
        -0.9374779117844424
    ],
    "normal": [
        -0.08962260232297051,
        0.33630782635725315,
        -0.9374779117844424
    ],
    "3d_center": [
        -0.02208623943270862,
        0.007636597230642484,
        0.7029358085155907
    ],
    "2d_center": [
        621.3545601726929,
        358.85108075098697
    ],
    "mask_color": [
        255,
        0,
        40
    ]
}