{
    "w": 210.57086181640625,
    "h": 71.95565795898438,
    "box": [
        744.9765014648438,
        449.6706237792969,
        955.54736328125,
        521.6262817382812
    ],
    "Cx": 853.791960812563,
    "Cy": 492.17058060798155,
    "orientation": "horizontal"
}