{
    "w": 627.9661560058594,
    "h": 90.89413452148438,
    "box": [
        249.48495483398438,
        333.7142333984375,
        877.4511108398438,
        424.6083679199219
    ],
    "Cx": 566.9601250258555,
    "Cy": 379.01528349153085,
    "orientation": "horizontal"
}