{
    "w": 237.1221923828125,
    "h": 92.03884887695312,
    "box": [
        761.3062744140625,
        500.0791320800781,
        998.428466796875,
        592.1179809570312
    ],
    "Cx": 888.5345180398492,
    "Cy": 556.2229402261712,
    "orientation": "horizontal"
}