{
    "w": 228.06695556640625,
    "h": 93.89089965820312,
    "box": [
        691.9493408203125,
        476.7771911621094,
        920.0162963867188,
        570.6680908203125
    ],
    "Cx": 811.1288316303865,
    "Cy": 534.3927143491782,
    "orientation": "horizontal"
}