{
    "w": 184.6944580078125,
    "h": 64.84512329101562,
    "box": [
        704.7520751953125,
        401.3354187011719,
        889.446533203125,
        466.1805419921875
    ],
    "Cx": 800.6681631856334,
    "Cy": 439.67499512004684,
    "orientation": "horizontal"
}