{
    "w": 215.29443359375,
    "h": 90.56814575195312,
    "box": [
        605.0654907226562,
        458.9988708496094,
        820.3599243164062,
        549.5670166015625
    ],
    "Cx": 717.7185409567084,
    "Cy": 514.6333459548151,
    "orientation": "horizontal"
}