{
    "w": 201.3917236328125,
    "h": 65.87939453125,
    "box": [
        795.5180053710938,
        423.0220031738281,
        996.9097290039062,
        488.9013977050781
    ],
    "Cx": 901.307679684936,
    "Cy": 462.0346242205448,
    "orientation": "horizontal"
}