{
    "w": 171.2408447265625,
    "h": 51.54791259765625,
    "box": [
        847.04345703125,
        350.1405334472656,
        1018.2843017578125,
        401.6884460449219
    ],
    "Cx": 935.9513072679299,
    "Cy": 381.15831134564644,
    "orientation": "horizontal"
}