{
    "w": 695.74560546875,
    "h": 76.31887817382812,
    "box": [
        421.6103515625,
        289.3639221191406,
        1117.35595703125,
        365.68280029296875
    ],
    "Cx": 750.4555575752067,
    "Cy": 329.2050804326093,
    "orientation": "horizontal"
}