{
    "weights": [
        0.6103485218389803,
        -0.047205973427632435,
        0.35909467163729564,
        -0.9321065458811307
    ],
    "normal": [
        -0.047205973427632435,
        0.35909467163729564,
        -0.9321065458811307
    ],
    "3d_center": [
        -0.007258513327483943,
        0.009652143367186448,
        0.6612674578423553
    ],
    "2d_center": [
        632.9788457761692,
        362.15764666273884
    ],
    "mask_color": [
        255,
        0,
        40
    ]
}