{
    "weights": [
        0.5738626438938664,
        -0.037124507924213714,
        0.3741543618576003,
        -0.9266230541133307
    ],
    "normal": [
        -0.037124507924213714,
        0.3741543618576003,
        -0.9266230541133307
    ],
    "3d_center": [
        -0.009929143490751337,
        0.008963055459340088,
        0.6275314117554974
    ],
    "2d_center": [
        629.4617147059655,
        361.9974259610217
    ],
    "mask_color": [
        255,
        0,
        40
    ]
}