{
    "weights": [
        0.5698109160450799,
        0.0335712109615451,
        0.38844926986541406,
        -0.9208583705085175
    ],
    "normal": [
        0.0335712109615451,
        0.38844926986541406,
        -0.9208583705085175
    ],
    "3d_center": [
        -0.00010100586908926044,
        0.01031300699043592,
        0.6296147298402425
    ],
    "2d_center": [
        631.6240279499605,
        364.28716330440665
    ],
    "mask_color": [
        255,
        0,
        40
    ]
}