{
    "weights": [
        0.6717897450844295,
        -0.04093351740588131,
        0.3563215790408162,
        -0.9334663247609104
    ],
    "normal": [
        -0.04093351740588131,
        0.3563215790408162,
        -0.9334663247609104
    ],
    "3d_center": [
        -0.011019713778060568,
        0.010370749131936958,
        0.7254174916525674
    ],
    "2d_center": [
        628.9608663688288,
        361.7061584572753
    ],
    "mask_color": [
        255,
        0,
        40
    ]
}