{
    "w": 680.4106140136719,
    "h": 91.48904418945312,
    "box": [
        225.16275024414062,
        367.447265625,
        905.5733642578125,
        458.9363098144531
    ],
    "Cx": 568.9743378908117,
    "Cy": 414.20348025623866,
    "orientation": "horizontal"
}