{
    "w": 185.4534912109375,
    "h": 63.393524169921875,
    "box": [
        683.7516479492188,
        397.5141296386719,
        869.2051391601562,
        460.90765380859375
    ],
    "Cx": 778.0779922779923,
    "Cy": 434.7581081081081,
    "orientation": "horizontal"
}