{
    "weights": [
        0.6699270877007022,
        -0.007151157095020509,
        0.3581784947035811,
        -0.9336257424064949
    ],
    "normal": [
        -0.007151157095020509,
        0.3581784947035811,
        -0.9336257424064949
    ],
    "3d_center": [
        -0.003906096517595325,
        0.008848619822965361,
        0.7228244838711249
    ],
    "2d_center": [
        631.788756148981,
        360.0427266338721
    ],
    "mask_color": [
        255,
        0,
        40
    ]
}