{
    "weights": [
        0.6131760481769613,
        -0.02454905426086323,
        0.3582128605788283,
        -0.9333171435534816
    ],
    "normal": [
        -0.02454905426086323,
        0.3582128605788283,
        -0.9333171435534816
    ],
    "3d_center": [
        -0.010449932972606546,
        0.00998620191553555,
        0.6620663342066242
    ],
    "2d_center": [
        625.7530987320131,
        362.24020515742984
    ],
    "mask_color": [
        255,
        0,
        40
    ]
}