{
    "weights": [
        0.6478751145898776,
        0.12056880100026669,
        0.3384669695524591,
        -0.9332219857822321
    ],
    "normal": [
        0.12056880100026669,
        0.3384669695524591,
        -0.9332219857822321
    ],
    "3d_center": [
        0.014461926825144305,
        -0.04125992572113434,
        0.683005345345112
    ],
    "2d_center": [
        642.8483614982936,
        298.2085440565766
    ],
    "mask_color": [
        255,
        0,
        40
    ]
}