{
    "weights": [
        0.6245323771872182,
        -0.04691719956348389,
        0.3576458302134495,
        -0.9326779918686045
    ],
    "normal": [
        -0.04691719956348389,
        0.3576458302134495,
        -0.9326779918686045
    ],
    "3d_center": [
        -0.008315141661620371,
        0.008667166428216648,
        0.6772326747346538
    ],
    "2d_center": [
        631.0531562394698,
        360.5288947545771
    ],
    "mask_color": [
        255,
        0,
        40
    ]
}