{
    "w": 226.38482666015625,
    "h": 75.00497436523438,
    "box": [
        964.8196411132812,
        444.5151062011719,
        1191.2044677734375,
        519.5200805664062
    ],
    "Cx": 1085.892939422686,
    "Cy": 488.0028459140805,
    "orientation": "horizontal"
}