{
    "w": 200.57659912109375,
    "h": 65.67864990234375,
    "box": [
        739.65380859375,
        432.01220703125,
        940.2304077148438,
        497.69085693359375
    ],
    "Cx": 841.9717308907138,
    "Cy": 470.63123815540115,
    "orientation": "horizontal"
}