{
    "weights": [
        0.6083050616970753,
        -0.010873162565621208,
        0.39079361838279464,
        -0.9204141036333072
    ],
    "normal": [
        -0.010873162565621208,
        0.39079361838279464,
        -0.9204141036333072
    ],
    "3d_center": [
        -0.0049654365594025375,
        0.00970857788921325,
        0.6705840451814485
    ],
    "2d_center": [
        631.6046348314607,
        362.0678370786517
    ],
    "mask_color": [
        255,
        0,
        40
    ]
}