{
    "w": 210.59490966796875,
    "h": 68.65216064453125,
    "box": [
        795.4593505859375,
        466.077880859375,
        1006.0542602539062,
        534.7300415039062
    ],
    "Cx": 901.4191261574074,
    "Cy": 507.32508680555554,
    "orientation": "horizontal"
}