{
    "weights": [
        0.6204593289819198,
        -0.060296602167798224,
        0.3669832427718002,
        -0.9282713069419481
    ],
    "normal": [
        -0.060296602167798224,
        0.3669832427718002,
        -0.9282713069419481
    ],
    "3d_center": [
        -0.009968422288668146,
        0.009943571981980282,
        0.6766920643542814
    ],
    "2d_center": [
        631.288131320205,
        362.72374576318657
    ],
    "mask_color": [
        255,
        0,
        40
    ]
}