{
    "w": 202.3424072265625,
    "h": 60.0419921875,
    "box": [
        867.1934814453125,
        415.29718017578125,
        1069.535888671875,
        475.33917236328125
    ],
    "Cx": 973.0173333333333,
    "Cy": 451.14283333333333,
    "orientation": "horizontal"
}