{
    "weights": [
        0.6012153816214478,
        -0.027831475098351065,
        0.3668874603023764,
        -0.9298489127093295
    ],
    "normal": [
        -0.027831475098351065,
        0.3668874603023764,
        -0.9298489127093295
    ],
    "3d_center": [
        -0.004103500747798053,
        0.009766901589037758,
        0.6517693625561678
    ],
    "2d_center": [
        631.9963493400729,
        362.66989609660203
    ],
    "mask_color": [
        255,
        0,
        40
    ]
}