{
    "weights": [
        0.6857801360766685,
        -0.10309968276239961,
        0.3597911091662542,
        -0.927319153894283
    ],
    "normal": [
        -0.10309968276239961,
        0.3597911091662542,
        -0.927319153894283
    ],
    "3d_center": [
        -0.011740290210588441,
        0.006232455375945341,
        0.7448555030978172
    ],
    "2d_center": [
        637.2958995197636,
        356.7169162569975
    ],
    "mask_color": [
        255,
        0,
        40
    ]
}