{
    "w": 194.30255126953125,
    "h": 65.07034301757812,
    "box": [
        675.9345092773438,
        426.08343505859375,
        870.237060546875,
        491.1537780761719
    ],
    "Cx": 773.8575366063739,
    "Cy": 465.08303186907835,
    "orientation": "horizontal"
}