{
    "w": 235.26373291015625,
    "h": 80.96844482421875,
    "box": [
        903.2450561523438,
        465.7586669921875,
        1138.5087890625,
        546.7271118164062
    ],
    "Cx": 1027.6785451873623,
    "Cy": 512.2381827087926,
    "orientation": "horizontal"
}