{
    "w": 248.31549072265625,
    "h": 98.76785278320312,
    "box": [
        762.4554443359375,
        508.5737609863281,
        1010.7709350585938,
        607.3416137695312
    ],
    "Cx": 893.3337353029847,
    "Cy": 568.1573711184806,
    "orientation": "horizontal"
}