{
    "w": 66.61248779296875,
    "h": 288.34747314453125,
    "box": [
        933.5023803710938,
        120.76492309570312,
        1000.1148681640625,
        409.1123962402344
    ],
    "Cx": 970.7733187642793,
    "Cy": 265.14333962451576,
    "orientation": "vertical"
}