{
    "w": 198.4307861328125,
    "h": 70.2286376953125,
    "box": [
        725.8804321289062,
        423.11572265625,
        924.3112182617188,
        493.3443603515625
    ],
    "Cx": 828.6724427994617,
    "Cy": 464.5090847913863,
    "orientation": "horizontal"
}