{
    "weights": [
        0.6369266771929492,
        -0.028753971003410126,
        0.3681097961556237,
        -0.9293376066456153
    ],
    "normal": [
        -0.028753971003410126,
        0.3681097961556237,
        -0.9293376066456153
    ],
    "3d_center": [
        -0.005839925722576179,
        0.008373022801077547,
        0.6908794294760202
    ],
    "2d_center": [
        632.089700531766,
        359.816120906801
    ],
    "mask_color": [
        255,
        0,
        40
    ]
}