{
    "weights": [
        0.5420220351854776,
        -0.027767632936102803,
        0.3492991629016286,
        -0.9365997295308961
    ],
    "normal": [
        -0.027767632936102803,
        0.3492991629016286,
        -0.9365997295308961
    ],
    "3d_center": [
        -0.005069630495849096,
        0.008567329865159136,
        0.5843230661002679
    ],
    "2d_center": [
        631.8315923207227,
        362.31239412761147
    ],
    "mask_color": [
        255,
        0,
        40
    ]
}