{
    "w": 203.626953125,
    "h": 70.13534545898438,
    "box": [
        788.3705444335938,
        430.107421875,
        991.9974975585938,
        500.2427673339844
    ],
    "Cx": 893.594497979484,
    "Cy": 471.2575380789556,
    "orientation": "horizontal"
}