{
    "weights": [
        0.7014446962567366,
        -0.036288311673119286,
        0.3652478797018838,
        -0.9302027439269318
    ],
    "normal": [
        -0.036288311673119286,
        0.3652478797018838,
        -0.9302027439269318
    ],
    "3d_center": [
        0.08006902611307773,
        -0.004961599656492616,
        0.7496493708928051
    ],
    "2d_center": [
        737.0302672955975,
        340.8667452830188
    ],
    "mask_color": [
        255,
        0,
        40
    ]
}