{
    "w": 145.01434326171875,
    "h": 41.3148193359375,
    "box": [
        813.3207397460938,
        302.6707763671875,
        958.3350830078125,
        343.985595703125
    ],
    "Cx": 889.1555938037866,
    "Cy": 326.8846815834768,
    "orientation": "horizontal"
}