{
    "weights": [
        0.9090018084724171,
        -0.033675408740521696,
        0.3538549111743764,
        -0.9346938903640769
    ],
    "normal": [
        -0.033675408740521696,
        0.3538549111743764,
        -0.9346938903640769
    ],
    "3d_center": [
        0.0287850003013951,
        -0.02061777256477684,
        0.9647379469964065
    ],
    "2d_center": [
        666.2692073268533,
        330.84608475283096
    ],
    "mask_color": [
        255,
        0,
        40
    ]
}