{
    "weights": [
        0.5969814738596947,
        -0.040427883306961676,
        0.36406349992857623,
        -0.9304962946036242
    ],
    "normal": [
        -0.040427883306961676,
        0.36406349992857623,
        -0.9304962946036242
    ],
    "3d_center": [
        -0.007145949564935352,
        0.008539065665208349,
        0.647573943412374
    ],
    "2d_center": [
        631.7240414217744,
        360.83459277917717
    ],
    "mask_color": [
        255,
        0,
        40
    ]
}