{
    "w": 173.78955078125,
    "h": 50.730224609375,
    "box": [
        840.6437377929688,
        363.67059326171875,
        1014.4332885742188,
        414.40081787109375
    ],
    "Cx": 930.0911751463304,
    "Cy": 393.96172895092303,
    "orientation": "horizontal"
}