{
    "w": 218.5799560546875,
    "h": 73.17343139648438,
    "box": [
        949.0206298828125,
        428.68988037109375,
        1167.6005859375,
        501.8633117675781
    ],
    "Cx": 1063.1503715576278,
    "Cy": 468.85399970858225,
    "orientation": "horizontal"
}