{
    "w": 175.6572265625,
    "h": 56.61614990234375,
    "box": [
        760.9752197265625,
        384.6341552734375,
        936.6324462890625,
        441.25030517578125
    ],
    "Cx": 850.7591209729038,
    "Cy": 418.8323021122253,
    "orientation": "horizontal"
}