{
    "w": 181.490966796875,
    "h": 64.2962646484375,
    "box": [
        745.5491333007812,
        393.27667236328125,
        927.0401000976562,
        457.57293701171875
    ],
    "Cx": 839.9601309707242,
    "Cy": 431.76328967642525,
    "orientation": "horizontal"
}