{
    "w": 196.10040283203125,
    "h": 66.09060668945312,
    "box": [
        700.7106323242188,
        422.06646728515625,
        896.81103515625,
        488.1570739746094
    ],
    "Cx": 801.4071815718157,
    "Cy": 461.6551490514905,
    "orientation": "horizontal"
}