{
    "weights": [
        0.6625819763215638,
        0.03213362460592001,
        0.35688735209776346,
        -0.9335945844328428
    ],
    "normal": [
        0.03213362460592001,
        0.35688735209776346,
        -0.9335945844328428
    ],
    "3d_center": [
        0.0017937254444360547,
        0.008765284205043269,
        0.7159286061150428
    ],
    "2d_center": [
        631.5485735331614,
        359.9633113295747
    ],
    "mask_color": [
        255,
        0,
        40
    ]
}